Longitude,Latitude,count,BNumber,SNumber,BDist,SDist,BName,SName,Loc,id,gradient,INT,BusDist,BusName,SchDist,SchName,RName,RDist,PubName,PubDist,GName,GDist
-1.665536,54.97521,10,0,0,570.592,298.959,Szal One Noiy czki,Lifestyle Express,Lismore Place,1,0.519095291064145,1069.1191,267.158,n502591857,71.452,n402471847,Baba Yaga,613.316,,412.061,0295EE53-3,126.103
-1.664073,54.976446,3,0,1,492.524,156.959,Red One Traditional Barbers,Lifestyle Express,Denhill Park,2,2.49893338209301,1189.4678,134.422,n502591857,198.491,n402471847,Kababissh,519.471,,319.905,0295EE53-3,285.29
-1.664038,54.98067,1,2,2,87.072,107.439,Showan Gentleman's Barber,Premier,Grange Road,3,0.0421443020903574,1426.6606,117.919,n502582156,459.961,n402667512,Rice Kungf,88.599,,621.574,,247.019
-1.663351,54.980551,2,2,2,106.842,101.097,Showan Gentleman's Barber,Premier,Hindley Gardens,4,0,1135.8567,112.627,n502582156,437.14,n402667512,Rice Kungf,105,,588.981,,201.934
-1.663088,54.974646,3,0,0,437.965,247.371,Szal One Noiy czki,Lifestyle Express,Broomridge Avenue,5,7.9335564646089,1081.0894,258.647,n502591856,203.255,n402667490,Kababissh,474.137,,282.232,0295EE53-3,185.792
-1.662416,54.976487,10,0,1,387.876,54.175,Red One Traditional Barbers,Lifestyle Express,Westholme Gardens,6,2.41411327762303,1189.0853,55.103,n502591856,256.711,n402667496,Kababissh,414.949,,218.915,0295ED1B-6,283.18
-1.662404,54.974186,1,0,0,374.046,285.152,Szal One Noiy czki,Lifestyle Express,Oakfield Gardens,7,3.43824385083311,1398.9486,281.697,n502591907,137.973,n402667490,Baba Yaga,408.953,,275.439,0295ED1B-5,176.932
-1.662202,54.981617,9,2,1,112.537,56.303,Showan Gentleman's Barber,Premier,Olive Place,8,0,1188.9919,31.808,n502582171,302.092,n402667512,Rice Kungf,104.871,,672.239,,185.547
-1.662147,54.980718,1,2,1,140.542,98.069,Showan Gentleman's Barber,Premier,Acanthus Avenue,9,0,1191.7288,100.26,n502582171,372.679,n402667512,Rice Kungf,134.745,,575.905,,128.919
-1.662065,54.971831,8,2,1,140.456,25.742,Szal One Noiy czki,Lidl,Supermarket,10,0,894.56335,85.081,n502591905,211.807,n402667490,Baba Yaga,189.517,Benwell Sp,398.38,0295ED1B-5,116.605
-1.661765,54.975919,1,0,1,341.862,88.507,Red One Traditional Barbers,Lifestyle Express,Weidner Road,11,6.8,1403.1725,104.45,n502591856,185.987,n402667496,Kababissh,368.194,,165.011,0295ED1B-6,280.513
-1.661701,54.979774,12,0,0,235.114,203.899,Showan Gentleman's Barber,Premier,Magnolia Close,12,2.03527815468114,1046.2344,133.85,n502582182,447.256,n402667512,Rice Kungf,231.031,,467.325,,118.894
-1.661698,54.97458,1,0,0,371.109,237.353,Red One Traditional Barbers,Lifestyle Express,Heyburn Gardens,13,2.52030243629236,1207.0515,253.567,n502591856,137.214,n402667490,Kababissh,392.704,,212.521,0295ED1B-5,235.695
-1.660884,54.980346,1,0,1,230.815,183.365,Showan Gentleman's Barber,Premier,Almond Place,14,1.35135135135135,1109.4689,58.357,n502582182,367.484,n402667512,Rice Kungf,224.701,,514.073,,43.902
-1.660753,54.96994,18,4,4,95.687,108.002,Carols Hairdresser,Kazy's Store,Joan Street,15,0,1412.0518,69.546,n502591933,215.817,n876439072,Baba Yaga,128.215,Benwell Sp,294.389,0295ECCB-2,57.974
-1.660485,54.975744,25,0,2,261.026,131.641,Red One Traditional Barbers,Lifestyle Express,Springhill Gardens,16,2.54710267071206,1204.5171,114.704,n502591855,109.354,n402667496,Kababissh,286.795,,83.339,0295ED1B-6,209.432
-1.660204,54.970262,3,5,5,45.966,75.317,Carols Hairdresser,Thomas Stores Ltd,Atkinson Terrace,17,7.89022298456261,1259.325,68.028,n502591903,227.053,n458702923,Baba Yaga,79.125,Benwell Sp,253.592,0295ECC6-0,103.99
-1.660122,54.967027,8,0,0,374.426,221.8,DJ's Barbers,Kazy's Store,Iveagh Close,18,11.8320610687023,1042.4047,135.049,n502591957,367.896,n402667460,Baba Yaga,430.647,Benwell Sp,461.226,0295ECF0-2,167.957
-1.659994,54.980254,3,0,0,285.327,225.08,Showan Gentleman's Barber,Narang's News 'n' Booze,Linden Avenue,19,0,1253.8344,24.331,n502582182,358.777,n402667512,Rice Kungf,278.865,,494.96,,21.918
-1.65997,54.976278,17,0,2,229.532,118.85,Red One Traditional Barbers,Lifestyle Express,Petrol Station,20,2.54710267071206,1402.0228,54.399,n502591855,144.56,n402667496,Kababissh,256.615,,70.317,0295ED1B-6,171.22
-1.659767,54.970144,19,5,5,51.838,55.247,Carols Hairdresser,Thomas Stores Ltd,Gerald Street,21,5.28550385581839,1184.8202,57.443,n502591903,198.873,n458702923,Baba Yaga,83.017,Benwell Sp,227.916,0295ECC6-0,73.682
-1.65974,54.971546,7,4,4,68.923,131.145,Szal One Noiy czki,Thomas Stores Ltd,Nichol Street,22,0,1136.7299,94.146,n502591904,156.192,n459078620,Baba Yaga,74.204,Benwell Sp,249.374,0295ED1B-5,165.346
-1.65966,54.973612,5,0,0,289.903,265.3,Szal One Noiy czki,Lidl,Condercum Road,23,5.8287795992714,1446.558,291.327,n502591904,44.369,n402667490,Baba Yaga,303.725,,248.943,0295ED1B-6,153.463
-1.659243,54.971203,7,5,4,73.686,86.405,Szal One Noiy czki,Thomas Stores Ltd,Nichol Court,24,4.80769230769231,1158.6072,68.847,n502591903,147.465,n459078620,Baba Yaga,42.45,Benwell Sp,204.606,0295ECC6-0,165.704
-1.659009,54.965649,4,0,0,513.8,383.12,Bobby's Barber,Kazy's Store,Violet Close,25,3.28863073374904,983.09778,106.235,n502591993,357.529,n402667460,Ahura,530.684,Benwell Sp,570.763,0295ECF0-2,324.595
-1.659001,54.966511,4,0,0,419.109,289.961,DJ's Barbers,Kazy's Store,Buddle Road,26,0,1301.0201,89.726,n502591955,312.105,n402667460,Ahura,453.968,Benwell Sp,480.158,0295ECF0-2,259.689
-1.658974,54.969701,13,5,5,68.535,69.127,DJ's Barbers,Polo Market - European Food Store,Ethel Street,27,0,1163.9113,88.932,n502591902,157.089,n458702923,Baba Yaga,137.77,Benwell Sp,196.05,0295ECC6-0,7.459
-1.658886,54.980179,2,0,1,352.907,163.419,Showan Gentleman's Barber,Narang's News 'n' Booze,Bracken Place,28,0,1017.8402,78.427,n502582182,356.458,n402667512,Rice Kungf,346.149,,484.34,,88.338
-1.658652,54.97644,8,1,3,151.96,52.145,Red One Traditional Barbers,Watan Foods,B1305,29,3.26119181737326,1466.5243,45.093,n502591854,161.381,n402667496,Kababissh,179.015,,76.029,0295ED1B-6,120.353
-1.658605,54.967247,3,0,0,334.167,222.867,Bobby's Barber,Kazy's Store,Pipe Track Lane,30,2.26586102719033,1180.1752,109.72,n502591955,268.474,n402667460,Ahura,376.888,Benwell Sp,394.66,0295ED1B-8,213.592
-1.658517,54.972108,4,3,2,167.506,189.703,Szal One Noiy czki,Thomas Stores Ltd,Dolphin Street,31,1.25470514429109,1298.5328,176.805,n502591903,68.362,n459078620,Baba Yaga,153.079,Benwell Sp,227.2,0295ED1B-6,131.971
-1.658322,54.974831,19,1,1,175.152,152.807,Red One Traditional Barbers,Watan Foods,Colston Street,32,0.715819613457409,1297.1116,160.398,n502591854,66.549,n402667496,Kababissh,190.11,,124.596,0295ED1B-6,38.485
-1.658053,54.969645,12,4,6,67.452,53.62,Bobby's Barber,Polo Market - European Food Store,Clara Street,33,3.22268772155978,1184.283,62.178,n502591902,106.689,n458702923,Baba Yaga,170.044,Benwell Sp,150.609,0295ECC6-0,53.122
-1.657924,54.970175,14,5,6,20.646,17.41,Bobby's Barber,Polo Market - European Food Store,Adelaide Terrace,34,0,1306.9586,3.455,n502591902,80.816,n458702923,Baba Yaga,133.535,Benwell Sp,112.9,0295ECC6-0,78.207
-1.657792,54.980149,14,0,1,408.838,110.548,Top Barber,Narang's News 'n' Booze,Palm Avenue,35,0,1215.8307,99.461,n502582154,363.163,n402667512,Rice Kungf,412.193,,488.898,,157.288
-1.657717,54.974227,21,0,0,210.434,213.74,Red One Traditional Barbers,Mini Euro Market,Canning Street,36,0,1221.9607,227.299,n502591854,117.054,n402667490,Kababissh,216.358,,202.117,0295ED1B-6,40.356
-1.657672,54.96675,4,0,0,383.303,300.886,Bobby's Barber,Kazy's Store,Merton Court,37,0,1019.1869,34.011,n502591955,223.102,n402667460,Ahura,381.19,Benwell Sp,430.054,0295ED1B-8,201.593
-1.657395,54.971692,8,4,3,152.338,176.094,M&J's Hair & Beauty Salon,The Village Supermarket,Bond Court,38,5.73065902578796,1163.9078,169.572,n502591902,38.788,n459078620,Baba Yaga,167.753,Benwell Sp,148.219,0295ED1B-6,140.397
-1.65724,54.967863,9,0,0,260.413,220.171,Bobby's Barber,Drinks Express,Birnie Close,39,2.16372160115398,998.3136,82.529,n502591966,184.436,n402667460,Ahura,266.621,Benwell Sp,303.105,0295ED1B-8,106.223
-1.656953,54.970442,18,4,5,50.029,68.201,Bobby's Barber,Drinks Express,Cochrane Street,40,3.99644760213144,1170.9747,65.58,n502591902,35.321,n458702923,Baba Yaga,176.881,Benwell Sp,44.691,0295ECC6-0,146.079
-1.656928,54.980686,7,0,1,366.63,29.276,Top Barber,Narang's News 'n' Booze,Greywood Avenue,41,0,1186.2501,180.067,n502591881,318.36,n402667512,Rice Kungf,449.237,,559.501,,212.204
-1.656791,54.967476,7,0,0,302.284,241.771,Legends Barber Shop,Premier,Keith Close,42,0,968.92853,125.852,n502591955,150.938,n402667460,Ahura,282.653,Benwell Sp,341.398,0295ED1B-8,103.752
-1.656757,54.976947,10,1,4,111.294,97.547,Red One Traditional Barbers,Euro Market,Baxter Avenue,43,2.68187655813251,1358.1005,111.214,n502591854,267.549,n402667496,Kababissh,125.261,,199.329,0295ED1B-6,120.497
-1.656737,54.968257,7,0,1,222.534,175.44,Bobby's Barber,Drinks Express,Maryhill Close,44,5.71065989847716,1001.3147,46.624,n502591966,170.437,n402667460,Ahura,212.734,Benwell Sp,254.579,0295ED1B-8,70.704
-1.656683,54.974637,16,2,5,148.803,155.547,Red One Traditional Barbers,Mini Euro Market,Strathmore Crescent,45,6.77678949597628,1302.8467,169.562,n502591852,173.231,n402667496,Kababissh,147.594,,208.616,0295ED1B-6,80.404
-1.65657,54.969533,17,5,8,98.862,38.947,Bobby's Barber,Drinks Express,Lawson Terrace,46,0.742942050520059,964.30078,87.811,n502591900,71.431,n458702923,Ahura,140.726,Benwell Sp,112.413,0295ECC6-0,148.873
-1.656537,54.967942,1,0,0,253.69,211.446,Legends Barber Shop,Drinks Express,Orton Close,47,0,990.23895,83.308,n502591966,143.777,n402667460,Ahura,230.803,Benwell Sp,288.396,0295ED1B-8,60.753
-1.656436,54.968805,8,3,6,171.634,117.806,Bobby's Barber,Drinks Express,Angel View,48,3.84985563041386,873.33881,50.903,n502591966,152.919,n458702923,Ahura,158.941,Benwell Sp,192.109,0295ED1B-8,89.545
-1.656261,54.974591,2,3,5,153.385,128.35,Red One Traditional Barbers,Mini Euro Market,Glebe Street,49,5.588543485854,1310.1915,166.553,n502591852,200.671,n402667496,Kababissh,147.227,,233.077,0295ED1B-6,107.087
-1.65619,54.964625,4,0,0,567.028,446.797,Legends Barber Shop,Premier,Farndale Road,50,0,1287.2722,74.862,n502591990,338.133,n402667460,Ahura,566.019,Benwell Sp,657.183,0295ED1B-8,392.7
-1.65619,54.973755,2,0,0,567.028,446.797,Legends Barber Shop,Premier,Farndale Road,51,0,1421.7335,247.29,n502591851,182.858,n402667490,Kababissh,239.713,,300.715,0295ED1B-6,106.229
-1.656102,54.97318,13,0,2,294.406,84.637,Hair By Firenza,Večerka,Wellfield Road,52,3.89105058365759,1311.6239,303.279,n502591851,153.844,n459078620,Kababissh,303.514,Benwell Sp,295.432,0295ED1B-6,66.1
-1.655661,54.971687,13,0,2,207.698,163.07,Bobby's Barber,Večerka,Barnesbury Road,53,3.78787878787879,1307.439,204.042,n502591900,121.456,n459078620,Ahura,246.374,Benwell Sp,134.814,0295ED1B-6,164.923
-1.655622,54.976324,28,4,5,65.186,30.782,Red One Traditional Barbers,Euro Market,Shipley Avenue,54,0,1293.4744,30.687,n502591852,275.397,n402667496,Kababissh,52.916,,235.107,0295ED1B-6,219.674
-1.655543,54.96909,4,3,6,126.081,108.415,Hi Lite,The Ambassador,Atherton Drive,55,0,1095.8256,87.321,n502591900,140.208,n458702923,Ahura,93.937,Benwell Sp,166.749,0295ED1B-8,106.116
-1.655522,54.978903,10,0,0,332.115,234.051,Red One Traditional Barbers,Narang's News 'n' Booze,Hoyle Avenue,56,0,1396.6985,39.623,n502582189,385.349,n402667502,Kababissh,335.147,,414.884,0295ED1B-6,239.288
-1.655491,54.973322,8,0,2,265.904,52.951,Hair By Firenza,Večerka,Ellesmere Road,57,5.52486187845304,1404.4963,276.094,n502591851,190.403,n459078620,Kababissh,289.606,Benwell Sp,315.03,0295ED1B-6,108.282
-1.655398,54.971408,9,2,2,195.56,142.089,Bobby's Barber,Asda,Gill Street,58,0.4212299915754,1236.1289,171.911,n502591900,149.348,n459078620,Ahura,211.543,Benwell Sp,112.806,0295ED1B-6,200.185
-1.655356,54.974553,21,4,7,136.325,74.246,Hair By Firenza,Mini Euro Market,Parking Area,59,0.918273645546373,1425.7705,143.909,n502591851,258.064,n402667496,Kababissh,156.414,,283.95,0295ED1B-6,124.601
-1.65504,54.980357,2,0,1,455.636,120.242,Top Barber,Narang's News 'n' Booze,Brand Avenue,60,0.113558937088349,1320.3621,154.418,n502582189,319.433,,Kababissh,499.443,,569.623,,330.871
-1.654834,54.96978,2,3,6,51.731,55.064,Hi Lite,The Ambassador,B1311,61,0.568828213879409,1332.7795,22.941,n502591901,124.965,n458702923,Ahura,35.464,Benwell Sp,124.133,0295ED1B-8,190.068
-1.654669,54.967191,6,0,1,265.681,149.717,Legends Barber Shop,Premier,Teindland Close,62,0,1044.9646,78.312,n502591960,36.465,n402667460,Tony's Kit,266.397,Benwell Sp,385.414,0295ED1B-8,122.889
-1.654514,54.97615,28,5,6,60.34,40.467,Kamran's Barber Shop,M.A.M.,Middleton Avenue,63,0,1293.4791,48.62,n502591851,330.3,n402667496,Little Ist,51.428,,278.77,0295ED1B-6,200.189
-1.654458,54.973625,2,0,2,213.842,63.455,Moh's Barbers,Mini Euro Market,Hampstead Road,64,0,1484.9052,230.495,n502591850,260.879,n459078620,Little Ist,245.886,,261.866,0295ED1B-6,114.997
-1.654406,54.970551,6,2,5,85.596,88.371,Hi Lite,Georgia's Filipino & Oriental Food Supply,Beech Street,65,5.92592592592593,1121.9465,96.504,n502591900,150.509,n458702923,Ahura,105.772,Benwell Sp,119.492,0295ED1B-8,280.144
-1.654322,54.96941,17,2,6,44.035,23.724,Legends Barber Shop,The Ambassador,Maria Street,66,0,1049.5079,32.822,n502591901,172.237,n458702923,Ahura,21.547,Benwell Sp,176.291,0295ED1B-8,165.179
-1.654181,54.967612,21,0,1,213.426,93.49,Legends Barber Shop,Premier,Troves Close,67,9.88593155893536,977.75671,72.773,n502591962,21.204,n402667460,Tony's Kit,216.042,Benwell Sp,351.154,0295ED1B-8,110.998
-1.654043,54.967315,2,0,1,245.076,117.266,Legends Barber Shop,Premier,Mulben Close,68,0,1054.0076,47.696,n502591960,31.716,n402667460,Tony's Kit,248.676,Benwell Sp,385.116,0295ED1B-8,137.972
-1.653828,54.968707,4,2,4,89.536,59.822,Legends Barber Shop,Premier,Caroline Street,69,7.8414750450355,1034.8561,47.665,n502591961,140.999,n402667460,Tony's Kit,93.98,Benwell Sp,256.099,0295ED1B-8,132.86
-1.653583,54.973568,6,0,2,207.577,86.301,Barber Ahmad,Mini Euro Market,Ladykirk Road,70,3.80771061399334,1416.2422,214.641,n502591850,300.857,n459078620,Pinar,239.173,,218.447,0295ED1B-6,100.577
-1.653566,54.970126,3,2,4,45.689,41.784,Hi Lite,Georgia's Filipino & Oriental Food Supply,Axbridge Gardens,71,7.4465008675535,1156.4017,78.504,n502591901,198.353,n458702923,Tony's Kit,68.922,Benwell Sp,178.949,0295ED1B-8,258.44
-1.653305,54.978609,7,0,0,286.734,207.876,Sab's Men's Hair Designs,Fenham Continental Foodstore,Hadrian Road,72,0,1328.6764,141.653,n502591878,239.894,n402667502,Little Ist,313.856,,454.856,0295ED1B-6,346.436
-1.653233,54.979768,10,0,0,337.2,253.225,Sab's Men's Hair Designs,Narang's News 'n' Booze,Sutherland Avenue,73,0,1264.8774,194.851,n502582189,300.355,n402667502,Little Ist,442.522,,576.613,0295ED1B-6,413.869
-1.653059,54.972713,8,0,2,292.038,117.902,Barber Ahmad,Večerka,Fairholm Road,74,3.39875945279973,1427.2242,302.828,n502591850,291.441,n459078620,Pinar,320.393,,267.832,0295ED1B-6,196.526
-1.652765,54.965182,2,0,0,484.63,345.599,Legends Barber Shop,Premier,Isabella Close,76,0,1025.8766,135.099,n502591951,278.248,n402667460,Tony's Kit,491.979,Benwell Sp,636.114,0295ECD9-E,167.592
-1.652597,54.970124,5,2,3,96.62,91.429,Legends Barber Shop,Georgia's Filipino & Oriental Food Supply,Brancepeth Avenue,77,7.74464389114071,1157.4606,116.808,n502591898,260.4,n458702923,Tony's Kit,107.905,Benwell Sp,239.58,0295ED1B-8,295.176
-1.65241,54.971992,6,0,1,263.747,193.906,Hi Lite,Večerka,Normount Road,78,7.88505344314,1222.4678,290.44,n502591901,323.212,n459078620,Tony's Kit,289.438,Benwell Sp,296.165,0295ED1B-6,282.891
-1.652326,54.978103,16,0,1,216.301,133.693,Sab's Men's Hair Designs,Fenham Continental Foodstore,Gowland Avenue,79,1.05293733207465,1488.8866,77.866,n502591878,167.288,n402667502,Little Ist,275.376,,382.6,0295ED1B-6,392.36
-1.652215,54.974616,17,5,4,78.688,82.319,Barber Ahmad,Northeast Halal Food Store,Benwell Grove,80,2.33527939949958,1435.1031,94.729,n502591850,406.95,n402667502,Pinar,102.741,,86.905,0295ED1B-6,78.696
-1.652032,54.974121,4,3,4,135.011,138.561,Barber Ahmad,Northeast Halal Food Store,Normount Avenue,81,0,1228.7966,139.634,n502591849,417.62,n459078620,Pinar,157.541,,102.917,0295ED1B-6,96.609
-1.651902,54.97466,5,5,4,80.131,85.777,Barber Ahmad,Northeast Halal Food Store,Normount Gardens,82,0,1229.8054,80.995,n502591849,394.929,n402667502,Pinar,98.195,,66.297,0295ED1B-6,99.324
-1.65166,54.970121,3,2,3,144.982,148.564,Legends Barber Shop,Georgia's Filipino & Oriental Food Supply,Coventry Gardens,83,7.38221032061953,1174.4835,91.754,n502591898,277.373,n459079974,Tony's Kit,160.06,Benwell Sp,298.784,0295ECF0-2,295.685
-1.651504,54.977337,3,1,1,179.453,107.466,Sab's Men's Hair Designs,Fenham Continental Foodstore,Milvain Avenue,84,1.42748382185002,1432.0499,103.973,n502591880,134.595,n402667502,Pinar,203.932,,288.756,0295ED1B-6,342.233
-1.65149,54.964513,5,0,0,572.777,433.907,Legends Barber Shop,Premier,Amelia Walk,85,0,1166.916,196.661,n502591951,381.269,n402667460,Tony's Kit,582.306,Benwell Sp,736.333,0295ECD9-E,136.744
-1.651239,54.980876,1,0,0,351.691,227.313,Sab's Men's Hair Designs,Medina Food Store,Nuns Moor Crescent,86,2.7012987012987,1273.442,214.832,n502580634,213.987,,Little Ist,589.75,,680.376,0295ECF0-2,424.847
-1.651223,54.979106,1,1,1,190.258,140.182,Sab's Men's Hair Designs,Fenham Continental Foodstore,Hall Avenue,87,0,1185.1056,89.848,n502591878,158.069,n402667502,Pinar,401.263,,483.437,0295ECF0-2,399.362
-1.651207,54.979214,4,1,1,197.476,150.626,Sab's Men's Hair Designs,Fenham Continental Foodstore,Severus Road,88,0.1999600079984,1336.1687,101.824,n502591878,167.191,n402667502,Pinar,413.313,,495.404,0295ECF0-2,397.097
-1.651185,54.972663,6,0,0,305.503,235.506,Barber Ahmad,Večerka,Cliftonville Avenue,89,0,1108.1476,294.564,n502591849,301.488,n459079974,Pinar,324.96,,235.119,0295ED1B-6,246.406
-1.650777,54.965688,1,0,0,463.184,329.316,Legends Barber Shop,Premier,Joseph Close,90,0,1102.5411,93.288,n502591951,308.378,n402667460,Tony's Kit,475.428,Benwell Sp,643.554,0295ECD9-E,42.512
-1.650739,54.970118,1,1,0,198.803,204.054,Legends Barber Shop,Sami Swoi - Polish Convenience & Butcher,Dipton Avenue,91,7.31261425959781,1179.3955,96.964,n502591897,222.565,n459079974,Tony's Kit,215.347,Benwell Sp,357.24,0295ECF0-2,283.991
-1.650364,54.973739,1,0,0,203.961,218.308,Breen Cuts,Newcastle Halal Superstore,Tiverton Avenue,92,1.80703959773727,1095.5237,185.184,n502591849,360.277,n459079974,Pinar,228.355,,119.279,0295ED1B-6,211.554
-1.650261,54.971186,2,0,0,285.588,279.774,Hi Lite,Georgia's Filipino & Oriental Food Supply,Clovelly Avenue,93,0.887930487727532,1217.7806,215.25,n502591897,174.978,n459079974,Tony's Kit,298.549,Benwell Sp,391.826,0295ECF0-2,401.684
-1.650169,54.97461,3,2,3,127.841,147.362,Breen Cuts,Newcastle Halal Superstore,Keldane Gardens,94,0.459189530478705,1417.2468,107.34,n502591849,369.697,n825789350,Pinar,160.195,,49.032,0295ED1B-6,208.545
-1.650102,54.966046,2,0,0,447.281,320.671,Legends Barber Shop,Premier,St John'S Road,95,2.17864923747277,1386.6763,63.095,n502591948,320.661,n402667460,Tony's Kit,461.323,Benwell Sp,636.47,0295ECD9-E,61.805
-1.650052,54.971869,12,0,0,342.367,331.663,Hi Lite,Večerka,Ilfracombe Avenue,96,1.56406406406406,991.54083,292.16,n502591897,190.416,n459079974,Tony's Kit,359.371,,327.086,0295ED1B-6,360.58
-1.650013,54.976362,1,3,2,142.241,153.576,Breen Cuts,Newcastle Halal Superstore,Kirton Avenue,97,2.8604118993135,1222.7539,144.375,n502591849,179.379,n825789350,Pinar,161.396,,186.023,0295ED1B-6,303.355
-1.649866,54.969855,4,0,0,245.744,251.589,Legends Barber Shop,Sami Swoi - Polish Convenience & Butcher,Eastgate Gardens,98,7.36540216399427,1112.8547,78.063,n502591897,189.98,n459079974,Tony's Kit,263.922,Benwell Sp,417.009,0295ECF0-2,255.202
-1.64971,54.980593,2,0,2,292.314,127.262,Sab's Men's Hair Designs,Medina Food Store,Nuns Moor Road,99,0,1376.571,134.463,n502599738,285.209,,Pinar,583.161,,652.832,0295ECF0-2,322.168
-1.649596,54.979326,5,1,3,152.87,155.771,Sab's Men's Hair Designs,Fenham Continental Foodstore,Baldwin Avenue,100,4.49400798934754,1155.1144,148.956,n502591880,150.222,n402667502,Pinar,451.024,,514.097,0295ECF0-2,293.265
-1.649569,54.978841,6,1,2,101.234,105.472,Sab's Men's Hair Designs,Fenham Continental Foodstore,Romulus Court,101,0,1185.6934,105.637,n502591880,96.512,n402667502,Pinar,401.656,,461.197,0295ECF0-2,300.62
-1.649553,54.975363,3,2,3,128.144,149.697,Breen Cuts,Newcastle Halal Superstore,Lewis Drive,102,0.371402042711235,1416.4679,93.003,n502591875,280.352,n825789350,Pinar,163.219,,107.944,0295ED1B-6,266.756
-1.649549,54.97042,5,0,0,281.977,287.146,Legends Barber Shop,Sami Swoi - Polish Convenience & Butcher,Clifton Road,103,0.63653723742839,1264.1122,143.139,n502591897,139.269,n459079974,Tony's Kit,298.238,Benwell Sp,430.689,0295ECF0-2,320.288
-1.649302,54.97361,3,0,1,249.391,181.914,Breen Cuts,Tawnies Snack & Drink,Western Drive,104,1.74478547069554,1091.9427,167.635,n502591874,318.232,n459079974,Pinar,278.755,,163.939,0295ED1B-6,280.171
-1.648928,54.97174,1,0,0,390.759,344.41,Hi Lite,Tawnies Snack & Drink,Ventnor Avenue,105,4.35988902100674,1107.434,284.014,n502591926,125.368,n459079974,Tony's Kit,403.826,,359.597,0295ED1B-6,417.999
-1.648847,54.981031,1,0,2,337.089,86.805,Sab's Men's Hair Designs,Medina Food Store,Curtis Road,106,0,1211.3597,79.411,n502582537,285.213,,Pinar,645.92,,709.344,0295ECF0-2,296.039
-1.648828,54.972422,1,0,0,378.442,271.479,Breen Cuts,Tawnies Snack & Drink,Paignton Avenue,107,1.96944378133206,1257.1127,266.222,n502591846,184.57,n459079974,Pinar,404.528,,292.463,0295ED1B-6,371.646
-1.648628,54.979314,17,1,4,147.345,154.002,Sab's Men's Hair Designs,Medina Food Store,Wingrove Gardens,108,5.88529927372903,1205.5103,145.735,n502599738,163.471,n825789350,Pinar,475.278,,526.314,0295ECF0-2,231.657
-1.648343,54.974335,11,0,1,239.341,86.247,Breen Cuts,Tawnies Snack & Drink,Conference/Exhibition Centre,109,0,1416.192,68.15,n502591874,382.126,n459079974,Pinar,274.341,,169.691,0295ED1B-6,325.191
-1.648049,54.982916,1,0,0,549.922,218.772,Sab's Men's Hair Designs,Nisa,Wingrove Road,110,0.13700506918756,1530.2886,98.139,n502599735,266.784,,Solomons D,704.119,,925.084,0295ECF0-2,291.137
-1.64789,54.965446,2,0,0,427.614,456.481,Kamrans Barber Shop,M A Brothers Asian Supermarket,Goldfinch Close,111,10.2015426723065,1340.0046,46.861,n502591949,366.027,n456325126,Eemaan Res,555.49,Benwell Sp,779.9,0295ECD4-3,122.939
-1.647641,54.968878,2,0,0,201.314,294.237,Kamrans Barber Shop,M A Brothers Asian Supermarket,Croftsway,112,6.61926942878156,1174.0223,37.564,n502591894,228.697,n459079974,Eemaan Res,365.909,Benwell Sp,582.451,0295ECF0-2,224.822
-1.647577,54.967216,2,0,0,261.031,319.555,Kamrans Barber Shop,M A Brothers Asian Supermarket,West View,113,9.61364048612371,1354.7208,164.006,n502591949,413.67,n459079974,Eemaan Res,416.269,Benwell Sp,667.846,0295ECF0-2,180.704
-1.647488,54.972032,12,0,0,411.645,292.71,Kamrans Barber Shop,Tawnies Snack & Drink,Grainger Park Road,114,4.99306518723994,1483.5918,205.006,n502591926,122.576,n459079974,Eemaan Res,484.436,,374.239,0295ED1B-7,334.457
-1.647106,54.976506,26,0,1,204.392,179.341,Sab's Men's Hair Designs,Narang Food Store,Agricola Road,115,0,1172.2991,150.757,n502591875,192.6,n825789350,Pinar,336.571,,309.779,0295ECF0-2,362.017
-1.647103,54.966127,28,0,0,336.748,366.722,Kamrans Barber Shop,M A Brothers Asian Supermarket,James Street,116,1.37362637362637,1469.7634,84.002,n502591949,379.866,n456325126,Eemaan Res,466.007,Benwell Sp,764.76,0295ECD9-E,210.827
-1.646937,54.983218,7,0,0,594.661,261.615,Sab's Men's Hair Designs,Nisa,Moorside South,117,0.0643148856802907,1279.8756,104.789,n502599735,341.641,,Solomons D,669.572,,974.075,0295ECF0-2,229.417
-1.646926,54.968427,5,1,0,159.355,245.193,Kamrans Barber Shop,M A Brothers Asian Supermarket,Woodbine Close,118,0,1260.4965,46.199,n502591894,281.837,n459079974,Eemaan Res,327.51,Benwell Sp,642.601,0295ECF0-2,237.463
-1.646557,54.967815,2,1,0,168.128,233.589,Kamrans Barber Shop,M A Brothers Asian Supermarket,Chesterfield Road,119,4.97159090909091,1172.4509,118.005,n502591894,352.936,n459079974,Eemaan Res,327.414,Benwell Sp,691.595,0295ECF0-2,242.916
-1.646485,54.977753,147,1,1,160.433,127.6,Sab's Men's Hair Designs,Narang Food Store,Wingrove Avenue,120,0.557491289198606,1340.4103,61.924,n502591876,160.151,n825789350,Pinar,435.281,,435.636,0295ECF0-2,218.739
-1.646355,54.969477,9,1,0,143.078,236.157,Kamrans Barber Shop,M A Brothers Asian Supermarket,St. Michaels Close,121,0,988.6698,52.353,n312586606,179.537,n459079974,Eemaan Res,286.397,Benwell Sp,645.771,0295ECF0-2,330.783
-1.646255,54.968407,3,1,0,118.663,202.314,Kamrans Barber Shop,M A Brothers Asian Supermarket,Centenary Court,122,0,1168.6805,69.276,n502591896,293.328,n459079974,Eemaan Res,286.319,Benwell Sp,683.573,0295ECF0-2,276.665
-1.645667,54.967749,6,1,1,134.635,183.596,Kamrans Barber Shop,M A Brothers Asian Supermarket,Northbourne Street,123,0,1172.4667,96.649,n502591896,374.597,n459079974,Eemaan Res,280.784,Benwell Sp,746.306,0295ED1B-8,260.74
-1.645595,54.972431,1,0,0,345.151,265.765,The Finest Barber Shop,Tawnies Snack & Drink,Dunholme Road,124,4.17531314848614,1439.177,122.217,n502591925,209.204,n459079974,Shawarma F,369.327,,427.069,0295ED1B-7,233.885
-1.6452,54.971082,15,0,0,262.665,319.239,Kamrans Barber Shop,M A Brothers Asian Supermarket,Mcewan Gardens,125,0,1260.5176,46.225,n502591926,152.361,n459079974,Eemaan Res,305.857,,548.506,0295ED1B-7,186.248
-1.645181,54.973328,3,0,1,291.916,192.541,The Finest Barber Shop,Tawnies Snack & Drink,Lynnwood Avenue,126,4.17531314848614,1439.1699,93.61,n502591848,307.347,n459079974,Shawarma F,327.748,,398.823,0295ED1B-7,275.996
-1.644996,54.964117,2,0,0,517.48,500.861,Kamrans Barber Shop,M A Brothers Asian Supermarket,Noble Street,127,1.03924382639679,1016.7161,193.135,n502591947,129.918,n456325126,Eemaan Res,585.708,Metropolit,921.457,0295ECD4-3,258.647
-1.644609,54.972626,8,0,0,278.677,244.359,The Finest Barber Shop,Asda,Eaton Place,128,4.07830342577488,1262.0605,55.713,n502591925,267.21,n459079974,Shawarma F,302.636,,467.247,0295ED1B-7,194.32
-1.644447,54.971439,12,0,0,298.63,283.68,Kamrans Barber Shop,Asda,Bentinck Road,129,0,1479.8571,19.243,n502591926,207.494,n459079974,Eemaan Res,308.321,,554.302,0295ED1B-7,133.423
-1.644321,54.96806,2,1,1,78.452,91.272,Kamrans Barber Shop,M A Brothers Asian Supermarket,Ashtree Close,130,0.866100814134765,994.81293,81.186,n502591896,381.276,n459079974,Eemaan Res,189.918,Metropolit,798.62,0295ED1B-8,188.411
-1.644224,54.973783,10,0,0,228.206,208.88,The Finest Barber Shop,Tawnies Snack & Drink,Police Station,131,0,1267.0034,33.88,n502591845,333.897,,Shawarma F,270.371,,440.342,0295ED1B-7,285.552
-1.643867,54.968148,13,1,1,79.126,61.646,Kamrans Barber Shop,M A Brothers Asian Supermarket,Marie Curie Drive,132,2.78810408921933,1164.7747,98.654,n502591896,390.037,n459079974,Eemaan Res,160.997,Metropolit,770.444,0295ED1B-8,167.607
-1.643711,54.969954,4,1,1,142.654,168.538,Kamrans Barber Shop,M A Brothers Asian Supermarket,Durham Street,133,2.31124807395994,1106.6696,126.041,n502591929,269.744,n459079974,Eemaan Res,149.874,,705.831,0295ED1B-7,187.753
-1.643171,54.969189,4,1,1,98.045,78.885,Kamrans Barber Shop,M A Brothers Asian Supermarket,Bentinck Street,134,2.84629981024668,1043.6484,142.951,n312586607,341.796,n459079974,Eemaan Res,79.974,Metropolit,746.075,0295ED1B-8,227.455
-1.643153,54.971229,19,0,0,288.523,238.894,Kamrans Barber Shop,Asda,Tweed Street,135,3.64326375711575,1270.7091,85.766,n502591927,284.465,n459079974,Eemaan Res,252.072,,632.699,0295ED1B-7,56.307
-1.642837,54.969817,7,1,1,159.19,149.605,Kamrans Barber Shop,M A Brothers Asian Supermarket,Portland Street,136,3.4027494215326,988.79761,164.615,n458733419,327.227,n459079974,Eemaan Res,100.66,Metropolit,746.279,0295ED1B-7,184.511
-1.642551,54.970445,11,0,0,225.792,221.373,Kamrans Barber Shop,M A Brothers Asian Supermarket,Hull Street,137,3.4027494215326,1117.8062,148.155,n502591927,325.633,n459079974,Eemaan Res,157.454,,718.582,0295ED1B-7,112.731
-1.642357,54.972898,3,3,4,139.251,98.158,The Finest Barber Shop,Asda,Lynnwood Terrace,138,0,1434.1189,91.652,n502591925,218.353,,Shawarma F,155.981,,584.37,0295ED1B-7,160.992
-1.642305,54.964675,4,0,0,475.745,333.061,Kamrans Barber Shop,Morrisons Daily,Wolsingham Street,139,0,1248.7715,158.562,n502591947,139.282,n456325126,Eemaan Res,490.433,Metropolit,738.946,0295ED1B-8,184.046
-1.641955,54.977704,12,0,0,258.639,244.028,Geordie Haircutting Salon,Premier,Sidney Grove,140,2.2179834094841,1318.0295,238.888,n502582152,355.06,n402667498,Solomons D,247.348,,658.587,0295ECF0-2,283.035
-1.641893,54.968871,32,1,1,167.756,88.56,Kamrans Barber Shop,M A Brothers Asian Supermarket,Elswick Road,141,0,1344.0092,55.059,n458733419,429.625,n459079974,Eemaan Res,22.928,Metropolit,658.151,0295ED1B-8,171.052
-1.641536,54.975627,14,4,3,60.841,26.57,Jay’s Barbers,Brighton Food Store,Crossley Terrace,142,0,1463.2974,35,n502588848,295.579,,Kamal Rest,144.072,,606.184,0295ED1B-7,388.363
-1.641312,54.974431,11,7,6,92.982,114.945,The Finest Barber Shop,Brighton Food Store,Callerton Place,143,0,1306.6761,59.982,n502588859,185.382,,Shawarma F,142.65,,614.09,0295ED1B-7,270.113
-1.641154,54.97293,19,3,5,89.537,21.293,The Finest Barber Shop,Asda,Supermarket,144,0,1267.4373,72.616,n502591841,143.737,,Shawarma F,85.287,,655.807,0295ED1B-7,168.883
-1.64112,54.974943,2,7,5,64.565,68.264,Jay’s Barbers,Brighton Food Store,Belsay Place,145,0,1298.5038,68.774,n502588864,217.83,,Kamal Rest,149.516,,625.539,0295ED1B-7,309.172
-1.641119,54.971537,14,0,1,237.057,153.503,Zak’s Barber,Asda,Mill Lane,146,0,1399.0151,214.485,n502591925,244.795,,Shawarma F,214.942,,721.389,0295ED1B-7,80.276
-1.641105,54.976623,12,4,3,129.234,133.435,Geordie Haircutting Salon,Stanhope Halal Food Store,Brighton Grove,148,0,1418.6304,114.021,n502588848,285.284,n402667498,Kamal Rest,148.253,,659.361,0295ECF0-2,409.791
-1.640715,54.969559,2,0,1,258.628,194.149,Kamrans Barber Shop,M A Brothers Asian Supermarket,Malvern Street,149,0,1099.458,83.761,n502591892,439.312,,Eemaan Res,95.052,Metropolit,609.054,0295ED1B-7,235.701
-1.640409,54.977628,10,0,1,213.534,145.006,Geordie Haircutting Salon,Premier,Fenham Road,151,3.28407224958949,1403.7179,201.041,n502582143,258.834,n402667498,Solomons D,195.088,,742.482,0295ECF0-2,349.424
-1.640396,54.973836,24,5,7,24.176,28.811,The Finest Barber Shop,Bedronska Sklep,Chelsea Grove,152,0,1441.2471,61.601,n502591841,99.289,,Shawarma F,56.099,,679.571,0295ED1B-7,181.669
-1.640309,54.964265,1,0,0,567.685,256.675,Kamrans Barber Shop,Morrisons Daily,Brunel Terrace,153,2.44147637512566,1396.8517,174.525,n502591944,88.057,,Eemaan Res,545.583,Metropolit,650.247,0295ED1B-8,157.617
-1.640204,54.97432,12,7,8,76.764,80.248,The Finest Barber Shop,Bedronska Sklep,Wellesley Terrace,154,0,1302.032,106.129,n502591841,127.189,,Shawarma F,106.165,,685.712,0295ED1B-7,219.779
-1.6401,54.970186,5,0,0,323.882,269.977,Kamrans Barber Shop,M A Brothers Asian Supermarket,Sceptre Place,155,0.512032770097286,1237.7936,158.514,n502591892,362.683,,Eemaan Res,170.721,Metropolit,603.671,0295ED1B-7,202.182
-1.639972,54.972316,6,3,6,139.715,85.348,First Class,Asda,Hartington Street,156,4.13204976042903,1442.2552,152.037,n502591837,132.991,,Shawarma F,117.461,Metropolit,743.314,0295ED1B-7,93.266
-1.639932,54.969844,8,0,0,316.891,253.255,Kamrans Barber Shop,M A Brothers Asian Supermarket,Sceptre Court,157,1.29332643559234,1006.9275,125.876,n502591892,398.508,,Eemaan Res,154.366,Metropolit,576.296,0295ED1B-7,237.263
-1.639471,54.965431,2,0,1,490.941,133.038,Kamrans Barber Shop,Morrisons Daily,Clumber Street North,158,8.94266175697001,1340.3351,54.108,n502591944,72.008,,Eemaan Res,435.391,Metropolit,538.875,0295ED1B-8,43.653
-1.63944,54.974102,16,7,10,66.078,74.787,First Class,Bedronska Sklep,Bishop'S Avenue,159,0,1453.6393,112.57,n502591837,83.222,,Shawarma F,90.768,,736.563,0295ED1B-7,178.19
-1.639203,54.967497,10,0,1,367.382,197.33,Kamrans Barber Shop,Morrisons Daily,Beech Grove Road,160,8.73362445414847,1352.5116,168.275,n502591941,301.066,,Eemaan Res,248.107,Metropolit,468.625,0295ED1B-8,77.058
-1.639113,54.963578,7,0,0,672.046,283.482,Kamrans Barber Shop,Morrisons Daily,Clumber Street,161,0,1364.8555,255.73,n502591944,135.717,,Eemaan Res,638.183,Metropolit,638.295,0295EE46-6,221.596
-1.638815,54.972402,15,3,7,147.415,88.427,First Class,Bangla Bazar,Kingsley Terrace,162,5.44015825914936,1435.0476,98.757,n502591838,110.835,,Shawarma F,134.167,Metropolit,701.118,0295ED1B-7,24.38
-1.63878,54.971135,10,0,0,280.416,210.804,First Class,Bangla Bazar,Sceptre Street,163,0,1435.0476,229.235,n502591838,251.431,,Shawarma F,262.018,Metropolit,596.951,0295ED1B-7,161.124
-1.638767,54.970757,4,0,0,321.468,251.1,First Class,Bangla Bazar,Britannia Place,164,1.92554557124519,1229.673,205.421,n502591891,293.474,,Eemaan Res,276.212,Metropolit,568.835,0295ECD7-C,168.152
-1.638713,54.969895,5,0,0,391.981,321.956,Kamrans Barber Shop,M A Brothers Asian Supermarket,Britannia Court,165,1.21802679658952,989.53247,112.074,n502591891,389.474,,Eemaan Res,225.805,Metropolit,510.603,0295ECD7-C,175.984
-1.638603,54.968241,9,0,0,382.322,259.906,Kamrans Barber Shop,Morrisons Daily,Bristol Terrace,166,0,1181.2668,85.492,n502591891,386.327,,Eemaan Res,232.915,Metropolit,437.484,0295ED1B-8,72.873
-1.638494,54.976822,10,4,5,137.424,95.407,First Class Barbers,Premier,Tamworth Road,167,2.43960774934226,1360.8333,142.669,n502588841,117.842,n402667498,Afghan Gri,115.013,The Black ,725.849,0295ECF0-2,357.51
-1.638378,54.965454,6,0,1,537.749,75.601,Kamrans Barber Shop,Morrisons Daily,Nesham Street,168,0,1372.3499,85.965,n502591942,93.768,,Eemaan Res,463.16,Metropolit,475.482,0295ED1B-8,107.32
-1.637934,54.969605,6,0,0,402.233,353.632,Turkish Barbers,M A Brothers Asian Supermarket,Sovereign Place,169,4.38072481083234,1119.983,73.442,n502591891,343.926,n456370812,Eemaan Res,263.129,Metropolit,451.211,0295ECD7-C,150.63
-1.637882,54.971905,7,0,4,225.936,115.727,First Class,Bangla Bazar,Normanton Terrace,170,4.40619621342513,1172.4286,137.447,n502591838,181.387,,Shawarma F,214.729,Metropolit,620.566,0295ECC6-E,64.598
-1.637618,54.976928,7,3,5,125.247,87.7,First Class Barbers,Premier,Stanton Street,171,0,1444.9022,140.017,n502588841,64.231,n402667498,Afghan Gri,125.279,The Black ,672.812,0295ED1B-7,312.092
-1.637603,54.969999,1,0,0,369.591,328.065,Turkish Barbers,Bangla Bazar,Sovereign Court,172,3.82015868351455,1001.8529,96.907,n502591890,332.766,n456370812,Eemaan Res,296.066,Metropolit,458.089,0295ECD7-C,107.254
-1.637535,54.965344,1,0,2,586.191,70.533,Kamrans Barber Shop,Morrisons Daily,Parking Area,173,0,1211.1542,89.48,n502591942,127.798,,Eemaan Res,502.074,Metropolit,435.773,0295EE46-6,80.732
-1.637238,54.977528,15,1,3,189.515,59.77,First Class Barbers,Premier,Philip Street,174,0,1404.0189,169.763,n502588791,92.883,n402667498,Afghan Gri,195.894,The Black ,665.78,0295ECF0-2,259.789
-1.637209,54.965862,23,0,2,567.628,29.328,Kamrans Barber Shop,Morrisons Daily,Shopping Area,175,0,1581.5524,46.509,n502591942,178.465,,Eemaan Res,468.728,Metropolit,387.987,0295EE46-6,115.096
-1.637158,54.967347,14,0,1,496.02,155.541,Kamrans Barber Shop,Morrisons Daily,Warrington Road,176,0,1354.2701,132.171,n502591941,315.287,,Eemaan Res,361.586,Metropolit,338.224,0295ED1B-8,67.064
-1.637059,54.974886,24,3,6,105.162,16.517,First Class Barbers,Best-One,Longley Street,177,0,1539.5107,92.153,n502588841,210.136,,Afghan Gri,121.279,The Black ,631.169,0295ECC6-E,273.91
-1.636926,54.97573,35,3,5,22.019,32.658,First Class Barbers,Iceland,Beaconsfield Street,178,0,1539.249,38.053,n502588841,116.361,n402667498,Afghan Gri,70.599,The Black ,615.419,0295ED1B-7,346.738
-1.636851,54.968532,5,0,0,399.027,288.849,Turkish Barbers,Morrisons Daily,Park Close,179,0,1180.6908,85.779,n502591890,279.194,n456370812,Eemaan Res,331.369,Metropolit,337.117,0295ED1B-8,122.261
-1.63638,54.973949,14,2,4,184.493,86.727,Aurel Afro Caribbean Hairdresser Salon,Bora Mini Market,Northcote Street,180,0.601142170123234,1512.812,135.369,n502591838,182.356,,Luigikhan,174.108,The Earl O,599.845,0295ECC6-E,182.45
-1.636064,54.977741,16,0,1,225.856,133.584,First Class Barbers,Premier,Philip Place,181,0,1305.1729,104.723,n502588791,115.228,n402667498,Afghan Gri,247.105,The Black ,602.808,0295ED1B-7,193.894
-1.636034,54.967254,16,0,1,469.803,174.934,Turkish Barbers,Morrisons Daily,Ashfield Close,182,0,1405.7324,127.622,n502591940,303.331,n456370812,Eemaan Res,429.064,Metropolit,267.367,0295ED1B-9,116.747
-1.635988,54.972412,12,0,2,250.269,125.281,Aurel Afro Caribbean Hairdresser Salon,Bora Mini Market,Campbell Place,183,0,1165.2644,149.794,n502591838,224.477,,Luigikhan,121.376,Metropolit,604.051,0295ECC6-E,95.702
-1.635976,54.973733,2,2,3,164.077,89.163,Aurel Afro Caribbean Hairdresser Salon,Bora Mini Market,Cookson Street,184,3.17309217832778,1293.3651,143.033,n502591838,200.904,,Luigikhan,138.819,The Earl O,578.487,0295ECC6-E,173.477
-1.635931,54.978729,13,0,1,333.699,185.436,First Class Barbers,Premier,Walter Terrace,185,1.50707164386738,1444.5792,43.033,n502588791,223.671,n402667498,Solomons D,211.777,The Black ,644.177,0295ECF0-2,127.361
-1.635699,54.971485,6,0,0,250.182,211.081,Turkish Barbers,Bangla Bazar,Surrey Place,186,0,1169.2198,178.236,n502591836,301.794,,Luigikhan,183.428,Metropolit,503.863,0295ECD7-C,113.309
-1.635608,54.976418,2,1,3,122.863,82.266,First Class Barbers,Iceland,Thorpe Close,187,0,1304.9706,85.91,n502588829,26.721,n383064667,Afghan Gri,167.666,The Black ,536.329,0295ED1B-7,232.877
-1.634766,54.974502,7,2,2,88.527,141.072,Aurel Afro Caribbean Hairdresser Salon,Best-One,Beechburn Walk,189,0.9000900090009,979.27863,115.359,n502588823,222.065,n383064667,Luigikhan,177.452,The Earl O,490.619,0295ECC6-E,288.205
-1.634736,54.967501,13,0,0,404.7,251.016,Turkish Barbers,Morrisons Daily,Hawthorn Terrace,190,0,1342.5118,62.9,n502591938,227.567,n456370812,Eemaan Res,493.438,Metropolit,182.534,0295ED1B-9,45.084
-1.634722,54.968993,12,0,0,264.482,307.831,Turkish Barbers,Gihan Food Store & Bakery,Gloucester Terrace,191,7.74473358116481,1266.0918,86.83,n502591888,135.436,n456370812,Luigikhan,438.925,Metropolit,244.246,0295EE48-4,92.65
-1.634711,54.965066,2,0,1,659.056,19.526,Turkish Barbers,Iriana,Park Road,192,0.467180565288484,1410.4673,184.572,n502591985,294.572,,Eemaan Res,643.022,Metropolit,328.221,0295EE46-6,118.083
-1.634502,54.963987,8,0,1,772.663,134.223,Turkish Barbers,Iriana,Hornbeam Place,193,4.19776119402985,1220.2373,104.699,n502591985,319.262,,Eemaan Res,740.077,Metropolit,428.12,0295EE46-6,165.368
-1.634502,54.974312,10,0,1,772.663,134.223,Turkish Barbers,Iriana,Hornbeam Place,194,6.33111744222855,1240.0195,135.371,n502588823,245.592,n383064667,Luigikhan,154.422,The Earl O,475.434,0295ECC6-E,282.76
-1.634459,54.96697,1,0,0,452.169,203.778,Turkish Barbers,Iriana,Westmorland Road,195,0,1604.0212,23.748,n502591940,269.131,n456370812,Eemaan Res,533.274,Metropolit,176.014,0295ED1B-9,33.077
-1.634447,54.970071,3,1,0,175.7,227.499,Turkish Barbers,Gihan Food Store & Bakery,Somerset Place,196,0,1289.2439,55.365,n502591888,155.776,n456370812,Luigikhan,318.262,Metropolit,327.369,0295ECD7-C,120.946
-1.634415,54.973539,3,2,1,89.379,177.652,Aurel Afro Caribbean Hairdresser Salon,Bora Mini Market,Worley Close,197,7.0555032925682,981.0213,147.568,n502591836,297.637,,Luigikhan,68.199,The Earl O,486.378,0295ECC6-E,231.524
-1.634402,54.974986,2,2,2,108.268,163.375,Aurel Afro Caribbean Hairdresser Salon,Best-One,Clarewood Green,198,0,1002.7907,60.754,n502588823,174.162,n383064667,Luigikhan,229.073,The Black ,461.528,0295ED1B-7,336.259
-1.634383,54.964993,1,0,1,661.723,41.809,Turkish Barbers,Iriana,Mulberry Place,199,0,998.18176,165.491,n502591985,314.798,,Eemaan Res,663.844,Metropolit,324.17,0295EE46-6,138.064
-1.634277,54.966404,1,0,1,508.205,145.032,Turkish Barbers,Iriana,Hawthorn Place,200,0,1403.6019,67.239,n502591940,322.969,n456370812,Eemaan Res,573.754,Metropolit,197.6,0295ED1B-9,92.142
-1.634269,54.97592,4,1,1,189.702,142.067,First Class Barbers,Iceland,Frosterley Place,201,0,918.84967,37.831,n502588816,86.541,n383064667,Afghan Gri,240.149,The Black ,445.72,0295ED1B-7,234.331
-1.633757,54.965135,1,0,1,638.045,77.446,Turkish Barbers,Iriana,Blackthorn Place,202,0.852151682999574,1117.6307,161.195,n502591985,356.146,,Eemaan Res,683.358,Metropolit,291.9,0295EE46-6,179.653
-1.633707,54.970688,7,1,1,110.255,163.834,Turkish Barbers,Gihan Food Store & Bakery,St Paul'S Place,203,6.5050266114725,1243.0358,117.051,n502591888,185.279,n456370812,Luigikhan,252.53,Metropolit,370.826,0295ECD7-C,159.559
-1.633601,54.972027,13,1,0,173.268,203.548,Turkish Barbers,Gihan Food Store & Bakery,Quarry Bank Court,204,5.0071530758226,1320.2864,39.847,n502591836,293.717,n108934007,Luigikhan,110.436,Metropolit,512.974,0295ECF0-2,140.87
-1.633466,54.971407,4,2,1,117.68,159.769,Turkish Barbers,Gihan Food Store & Bakery,Anglesey Place,205,3.86627245849443,1338.2921,106.126,n502591836,257.556,n456370812,Luigikhan,178.017,Metropolit,443.747,0295ECF0-2,128.969
-1.633307,54.975099,3,2,0,104.587,221.33,Mickeys Coiffure,Iceland,Cottingwood Gardens,206,2.05855443732845,1184.9994,72.403,n502588816,196.043,n383064667,Luigikhan,250.136,The Black ,390.291,0295ED1B-7,312.767
-1.633235,54.977934,10,0,0,347.029,309.349,First Class Barbers,Iceland,Sports/Recreation Area,207,0,1186.2721,58.125,n502588772,205.165,n383064667,Afghan Gri,385.715,The Black ,450.84,0295ED1B-7,12.337
-1.633092,54.967865,5,0,0,331.601,323.861,Turkish Barbers,Iriana,Belgrave Parade,208,0.470809792843691,1171.285,97.202,n502591938,145.593,n456370812,Fez Food,536.495,Metropolit,85.949,0295EE48-4,75.734
-1.632933,54.973319,8,2,0,97.23,270.761,Mickeys Coiffure,Bora Mini Market,Vallum Way,209,0,1032.0942,108.898,n502591835,276.681,n108934007,Luigikhan,98.825,The Earl O,405.033,0295ECF0-2,206.805
-1.63293,54.965115,1,0,1,633.036,130.464,Turkish Barbers,Iriana,Charlotte Close,210,0.150966183574879,1263.2889,149.592,n502591985,408.651,,Pablo Eggs,647.569,Metropolit,276.602,0295EE46-6,157.619
-1.632916,54.975251,1,2,0,124.535,239.076,Mickeys Coiffure,Iceland,Cottingwood Court,211,0.365430294171387,1105.8577,78.743,n502588816,200.567,n383064667,Luigikhan,273.685,The Black ,362.775,0295ED1B-7,295.533
-1.63291,54.977542,6,0,0,336.037,294.5,First Class Barbers,Iceland,Monday Crescent,212,0,1065.5096,69.578,n502588772,188.572,n383064667,Afghan Gri,378.65,The Black ,410.506,0295ED1B-7,41.334
-1.632726,54.968574,5,0,0,249.568,272.667,Turkish Barbers,Gihan Food Store & Bakery,Cross Parade,213,2.19683655536028,1026.1498,140.551,n502591936,63.878,n456370812,Fez Food,465.25,Metropolit,128.47,0295EE48-4,92.972
-1.632656,54.969418,2,1,1,157.009,186.089,Turkish Barbers,Gihan Food Store & Bakery,Colby Court,214,8.7741935483871,1281.507,89.172,n502591888,30.487,n456370812,Luigikhan,405.106,Metropolit,216.324,0295ECCB-E,88.976
-1.632577,54.966084,2,0,1,523.647,184.157,Turkish Barbers,Iriana,Gloucester Way,215,0,1244.6421,140.621,n502591940,332.904,n245303549,Pablo Eggs,581.294,Metropolit,166.512,0295EE46-6,56.078
-1.632472,54.97596,21,0,0,208.046,257.221,Mickeys Coiffure,Iceland,Hamilton Crescent,216,0,991.97986,76.736,n502588808,184.364,n383064667,Afghan Gri,355.304,The Black ,331.101,0295ED1B-7,219.612
-1.632359,54.971161,18,3,1,48.909,83.826,Turkish Barbers,Gihan Food Store & Bakery,Mill Farm Close,217,0,1320.3025,55.523,n502591887,225.099,n456370812,Luigikhan,233.437,Metropolit,405.805,0295ECF0-2,77.817
-1.632285,54.965652,2,0,1,570.706,180.097,Turkish Barbers,Iriana,Cambridge Street,218,1.99911150599733,1282.2463,189.361,n502591940,361.262,n245303549,Pablo Eggs,583.264,Metropolit,210.178,0295EE46-6,86.878
-1.632031,54.974619,9,2,0,98.402,313.649,Mickeys Coiffure,Best-One,Avison Street,219,2.01649862511457,1368.8254,101.19,n502588808,290.287,n383064667,Luigikhan,238.482,The Earl O,315.042,0295ED1B-7,301.67
-1.631904,54.964599,5,0,0,687.648,205.876,Turkish Barbers,Iriana,Essex Close,220,0.278396436525612,1244.9377,112.476,n502591985,455.426,n245303549,Pablo Eggs,623.565,Metropolit,325.85,0295EE46-6,200.422
-1.63183,54.970979,10,4,2,24.905,44.859,Turkish Barbers,Gihan Food Store & Bakery,Elswick Street,221,0,1248.635,21.862,n502591887,210.431,n456370812,Luigikhan,269.317,Metropolit,384.43,0295ECF0-2,78.151
-1.631495,54.975103,3,2,0,158.257,331.089,Mickeys Coiffure,Iceland,Avison Place,222,0,1036.7502,43.767,n502588808,282.782,n383064667,Luigikhan,302.142,The Black ,276.928,0295ED1B-7,327.38
-1.631408,54.974384,3,2,0,126.462,350.024,Mickeys Coiffure,Back Home International,Douglas Place,223,1.56396621832968,1080.1228,123.929,n502588808,281.99,n108934007,Luigikhan,246.975,The Earl O,277.793,0295ED1B-7,262.856
-1.631313,54.977942,21,0,0,440.688,403.11,Mickeys Coiffure,Iceland,New Mills,224,0,1433.8115,14.62,n502588765,297.623,n383064667,Afghan Gri,489.583,The Black ,354.312,0295ED1B-7,111.253
-1.631301,54.967266,16,0,0,393.217,331.508,Turkish Barbers,Iriana,Waverley Road,225,0,1200.0841,95.582,n502591936,180.277,n245303549,Pablo Eggs,467.507,Metropolit,47.362,0295EE46-6,103.697
-1.630962,54.968541,1,0,0,257.377,257.677,Turkish Barbers,Gihan Food Store & Bakery,Kirkdale Green,226,4.52634982217911,1217.0941,55.936,n502591936,107.347,n245303549,Fez Food,389.924,Metropolit,127.569,0295ECCB-E,73.592
-1.630942,54.977519,2,0,0,404.365,399.234,Mickeys Coiffure,Iceland,Monday Place,227,0,1115.0989,47.201,n502588765,296.448,n383064667,Afghan Gri,490.595,The Black ,305.099,0295ED1B-7,141.593
-1.630837,54.970248,10,4,3,94.466,70.514,Turkish Barbers,Gihan Food Store & Bakery,Drybeck Court,228,0.940733772342427,1320.1829,66.338,n502591931,167.869,n456370812,Fez Food,259.186,Metropolit,310.397,0295ECCB-E,124.684
-1.630743,54.9736,7,2,0,177.836,252.909,Mickeys Coiffure,Back Home International,Edward Place,229,1.001001001001,1079.8217,186.642,n502591835,185.872,n108934007,Luigikhan,240.893,The Earl O,265.084,0295ED1B-7,167.139
-1.630651,54.96668,1,0,0,463.975,323.853,Turkish Barbers,Iriana,Mather Road,230,0,1116.1216,153.44,n502591936,210.697,n245303549,Pablo Eggs,442.747,Metropolit,123.004,0295EE46-6,85.538
-1.630607,54.973105,9,2,0,189.16,200.24,Sia Hair Design,Back Home International,Tindal Close,231,2.66260935717003,1181.0702,137.081,n502591833,138.593,n108934007,Luigikhan,238.532,The Earl O,288.832,0295ED1B-7,111.642
-1.630506,54.972206,14,5,3,92.019,119.89,Sia Hair Design,Back Home International,Tindal Street,232,0,1431.8851,40.231,n502591833,94.582,n108934007,Fez Food,231.852,The Earl O,356.658,0295ED1B-7,25.652
-1.630269,54.965727,4,0,0,572.782,275.381,Turkish Barbers,LTH Oriental Supermarket,Kyle Close,233,0.1057753331923,1250.6803,255.831,n502591983,304.629,n245303549,Pablo Eggs,466.111,Metropolit,225.477,0295EE46-6,128.208
-1.630226,54.970372,2,5,3,91.542,80.49,Barbaras Hair Stylist,Gihan Food Store & Bakery,York Street,234,0,1294.2222,95.072,n502591931,205.544,n456370812,Fez Food,218.143,Metropolit,334.207,0295ECCB-E,152.001
-1.63013,54.97411,1,0,0,205.888,292.949,Mickeys Coiffure,Back Home International,Douglas Terrace,236,2.45700245700246,1234.7086,166.769,n502588799,218.521,n108934007,Luigikhan,298.76,The Earl O,205.64,0295ED1B-7,219.104
-1.630026,54.975188,4,0,0,241.344,409.247,Mickeys Coiffure,Back Home International,Avolon Place,238,0,1271.4114,46.63,n502588799,333.041,n108934007,Luigikhan,372.606,The Black ,184.195,0295ED1B-7,339.168
-1.629862,54.970874,2,6,3,58.685,83.472,Barbaras Hair Stylist,Gihan Food Store & Bakery,Lancaster Street,239,0,1288.6034,76.062,n502591884,162.336,n108934007,Fez Food,175.039,Metropolit,394.629,0295ED1B-7,134.784
-1.629805,54.972025,7,6,3,63.952,72.72,Sia Hair Design,Back Home International,Cottenham Street,240,0,1466.6172,26.777,n502591832,55.608,n108934007,Fez Food,182.661,The Earl O,348.63,0295ED1B-7,24.073
-1.629688,54.969436,4,0,1,201.266,183.899,Barbaras Hair Stylist,Gihan Food Store & Bakery,Houston Court,241,8.32466181061394,1388.9355,49.267,n502591932,117.268,n245303549,Fez Food,261.215,Metropolit,255.025,0295ECCB-E,109.86
-1.629489,54.970694,3,6,3,88.784,101.031,Sia Hair Design,Back Home International,Summerhill Street,242,6.04395604395604,1273.3612,103.757,n502591884,175.869,n108934007,Fez Food,159.78,Metropolit,384.657,0295ED1B-7,107.569
-1.629179,54.967026,5,0,0,447.442,355.777,Faded Studio 7,LTH Oriental Supermarket,Further/Higher Educational Bui,243,0,1314.1793,136.481,n502591937,153.861,n245303549,Pablo Eggs,341.171,Metropolit,182.115,0295EE46-6,187.378
-1.62906,54.973199,6,2,2,166.249,182.641,Big Lamp Barbers,Back Home International,Cottenham Chare,244,0,1221.1113,161.708,n502591832,105.48,n108934007,Fez Food,240.406,The Earl O,212.675,0295ED1B-7,135.9
-1.628789,54.965264,14,0,1,570.793,172.399,Faded Studio 7,LTH Oriental Supermarket,Ivy Close,245,0.963748239306101,1195.7109,151.736,n502591983,351.357,n245303549,Pablo Eggs,423.605,Metropolit,320.574,0295EE46-6,235.65
-1.628768,54.965875,20,0,0,516.356,228.449,Faded Studio 7,LTH Oriental Supermarket,Maple Street,246,0,1351.9065,174.17,n502591983,283.865,n245303549,Pablo Eggs,377.672,Metropolit,271.426,0295EE46-6,208.566
-1.628594,54.969487,1,0,0,216.885,224.105,Emre's,Gihan Food Store & Bakery,Victoria Street,247,0,1474.15,115.012,n502591386,128.584,n245303549,Fez Food,220.919,Metropolit,303.52,0295ED1B-7,131.032
-1.628154,54.971543,3,7,2,44.752,41.569,Big Lamp Barbers,Afro Caribbean Food City,Cross Villa Place No 5,248,0,1746.5228,132.497,n502591884,96.85,n108934007,Fez Food,64.158,The Earl O,362.942,0295ED1B-7,109.633
-1.627687,54.967956,2,0,0,310.153,314.837,Faded Studio 7,Loi Trang Vietnamese Supermarket,Palace Street,249,0,1507.8341,94.162,n502591386,78.641,n921287631,Pablo Eggs,229.864,Marlboroug,229.378,0295ECCB-E,269.827
-1.627417,54.970076,7,4,2,140.922,183.422,Emre's,Afro Caribbean Food City,Summerhill Grove,250,0,1340.0789,201.744,n502591386,172.56,n921287631,Fez Food,138.011,Marlboroug,306.446,0295ED1B-7,61.497
-1.627137,54.975027,18,0,0,383.656,312.665,Big Lamp Barbers,Tesco Barrack Road,Spring Garden Lane,251,4.24929178470255,1337.8666,88.112,n829762532,331.927,n108934007,Fez Food,413.698,The Earl O,31.081,0295ED1B-7,373.744
-1.626514,54.974827,2,0,0,375.877,267.709,Big Lamp Barbers,Tesco Barrack Road,Spring Street,252,0.666444518493835,1316.6908,117.178,n502588747,328.912,n108934007,Fez Food,394.11,The Earl O,39.562,0295ED1B-7,377.78
-1.626163,54.96885,7,2,1,178.024,181.239,Faded Studio 7,Loi Trang Vietnamese Supermarket,Blandford Court,253,3.15391084945332,1374.0598,51.126,n502588883,63.87,n921287631,Pablo Eggs,166.168,Marlboroug,156.509,0295EE47-D,172.606
-1.626143,54.971034,1,5,2,18.69,178.597,Barnett's Hair & Beauty,Afro Caribbean Food City,Greenfield Place,254,1.85528756957328,1452.1785,141.741,n502598414,229.32,n108934007,Moulin Rou,15.868,Marlboroug,353.102,0295EE47-D,75.075
-1.62584,54.970044,5,5,1,115.498,157.577,V.I.P. Hair & Beauty,Loi Trang Vietnamese Supermarket,Summerhill Terrace,255,0,1311.2188,156.982,n502598414,158.476,n109828729,Fuochi Piz,116.408,Marlboroug,244.53,0295EE47-D,56.496
-1.625255,54.970744,2,5,1,35.86,175.626,V.I.P. Hair & Beauty,Loi Trang Vietnamese Supermarket,Swinburne Place,256,3.11734580271654,1241.8674,86.995,n502598414,179.179,n109828729,Fuochi Piz,33.074,Marlboroug,304.91,0295EE47-D,88.208
-1.625171,54.969746,1,4,1,109.19,106.221,Faded Studio 7,Loi Trang Vietnamese Supermarket,Westgate Hill Terrace,257,4.47035957240039,1335.5872,126.935,n502588877,106.407,n109828729,Fuochi Piz,144.303,Marlboroug,196.932,0295EE47-D,110.573
-1.624617,54.973878,13,0,1,318.093,134.94,Barnett's Hair & Beauty,Tesco Barrack Road,Wellington Street,259,0.631074088097943,1427.5688,134.298,n502588735,335.692,n108934007,Moulin Rou,317.667,The Earl O,187.079,0295ED1B-7,401.998
-1.624362,54.971046,15,4,1,67.529,179.453,V.I.P. Hair & Beauty,Loi Trang Vietnamese Supermarket,Cross Villa Place No 2,260,0,1495.4973,30.014,n502598414,184.403,n109828729,Pho Restau,39.736,Marlboroug,330.009,0295EE47-D,154.462
-1.62429,54.968719,3,3,2,90.611,98.465,Faded Studio 7,Loi Trang Vietnamese Supermarket,Parking Area,261,2.57216347527865,1055.0323,53.046,n502588877,92.877,n109828729,Pablo Eggs,86.893,Marlboroug,71.475,0295EE47-D,233.162
-1.624085,54.970264,1,4,1,97.111,91.256,United Hair Studio,Loi Trang Vietnamese Supermarket,Further/Higher Educational Bui,262,2.3178328263074,1461.5067,75.04,n502598414,95.976,n109828729,Pho Restau,68.323,Marlboroug,242.572,0295EE47-D,154.434
-1.623875,54.969706,2,4,2,37.757,30.184,Faded Studio 7,Loi Trang Vietnamese Supermarket,Parking Area,263,0,1451.8542,136.614,n502598414,33.799,n109828729,Pho Restau,128.526,Marlboroug,181.086,0295EE47-D,183.737
-1.623866,54.972303,27,2,0,170.998,215.409,V.I.P. Hair & Beauty,Tesco Barrack Road,Firebrick Avenue,264,0,1476.9094,152.624,n502598414,318.097,n109828729,Pho Restau,160.632,The Earl O,342.663,0295EE47-D,271.212
